Generation,Fitness,R2,Complexity,Equation
0,36.40434621800914,0.6189078871250874,6,-1.50325230060372*I*q*v
1,1.4987668998638915e-21,1.0,17,0.499999999998836*q*r*v
