Generation,Fitness,R2,Complexity,Equation
0,8.28725655247025e-05,0.9838118270464586,5,exp(-1.4037577595531*theta)
1,2.0767845109539793e-11,0.9999999957177412,16,0.398955377162335*sqrt(-exp(-0.999988836070053*theta**2))
