Generation,Fitness,R2,Complexity,Equation
0,14.001163662280025,0.4803950250583032,3,2.99675297427177*Nn
1,0.0,1.0,3,Nn*mu
