Generation,Fitness,R2,Complexity,Equation
0,35.11863193229485,0.6189078871250874,6,-1.50325230060372*I*q*v
1,1.5728810038905793e-18,1.0,18,0.499999999962306*q*r*v
