Generation,Fitness,R2,Complexity,Equation
0,13.434139217245983,0.4761708835941494,3,3.02301424469894*mu
1,0.0,1.0,3,Nn*mu
