Generation,Fitness,R2,Complexity,Equation
0,34.99006050372342,0.6189078871250874,6,-1.50325230060372*I*q*v
1,1.8447034265916792e-17,1.0,15,0.500000000129089*q*r*v
